,Mean absolute error,Accuracy,Algo
0,0.10293760621510076,0.8970623937848993,SVM
1,0.086185967467832,0.913814032532168,DecistionTree
2,0.15173585821801408,0.848264141781986,Naive bayes
